{
  "Ansi 5 Color" : {
    "Red Component" : 0.98823529481887817,
    "Color Space" : "sRGB",
    "Blue Component" : 0.40392157435417175,
    "Alpha Component" : 1,
    "Green Component" : 0.59607845544815063
  },
  "Tags" : [

  ],
  "Ansi 12 Color" : {
    "Red Component" : 0.15294118225574493,
    "Color Space" : "sRGB",
    "Blue Component" : 0.83921569585800171,
    "Alpha Component" : 1,
    "Green Component" : 0.54117649793624878
  },
  "Right Option Key Changeable" : true,
  "Ansi 0 Color" : {
    "Red Component" : 0.031955186277627945,
    "Color Space" : "sRGB",
    "Blue Component" : 0,
    "Alpha Component" : 1,
    "Green Component" : 0.0096160909160971642
  },
  "Bold Color" : {
    "Red Component" : 1,
    "Color Space" : "sRGB",
    "Blue Component" : 1,
    "Alpha Component" : 1,
    "Green Component" : 1
  },
  "Ansi 7 Color" : {
    "Red Component" : 0.90588235855102539,
    "Color Space" : "sRGB",
    "Blue Component" : 0.90588235855102539,
    "Alpha Component" : 1,
    "Green Component" : 0.90588235855102539
  },
  "Ansi 8 Color" : {
    "Red Component" : 0.43650126457214355,
    "Color Space" : "sRGB",
    "Blue Component" : 0.40775242447853088,
    "Alpha Component" : 1,
    "Green Component" : 0.41995549201965332
  },
  "Ansi 9 Color" : {
    "Red Component" : 0.86956787109375,
    "Color Space" : "sRGB",
    "Blue Component" : 0.53262025117874146,
    "Alpha Component" : 1,
    "Green Component" : 0.42219206690788269
  },
  "Rows" : 25,
  "Default Bookmark" : "No",
  "Link Color" : {
    "Red Component" : 0.15686275064945221,
    "Color Space" : "sRGB",
    "Blue Component" : 0.83921569585800171,
    "Alpha Component" : 1,
    "Green Component" : 0.54117649793624878
  },
  "Blend" : 1,
  "Guid" : "7D467C96-2E1A-409E-9A0D-02387D695286",
  "Cursor Guide Color" : {
    "Red Component" : 0,
    "Color Space" : "sRGB",
    "Blue Component" : 0,
    "Alpha Component" : 0.15686274509803921,
    "Green Component" : 0
  },
  "Non-ASCII Anti Aliased" : true,
  "Use Bright Bold" : true,
  "Ansi 10 Color" : {
    "Red Component" : 0.63213038444519043,
    "Color Space" : "sRGB",
    "Blue Component" : 0.49067068099975586,
    "Alpha Component" : 1,
    "Green Component" : 0.773590087890625
  },
  "Ambiguous Double Width" : false,
  "Jobs to Ignore" : [
    "rlogin",
    "ssh",
    "slogin",
    "telnet"
  ],
  "Ansi 15 Color" : {
    "Red Component" : 1,
    "Color Space" : "sRGB",
    "Blue Component" : 1,
    "Alpha Component" : 1,
    "Green Component" : 1
  },
  "Foreground Color" : {
    "Red Component" : 1,
    "Color Space" : "sRGB",
    "Blue Component" : 1,
    "Alpha Component" : 1,
    "Green Component" : 1
  },
  "Working Directory" : "\/Users\/prince",
  "Blinking Cursor" : false,
  "Disable Window Resizing" : true,
  "Sync Title" : false,
  "Prompt Before Closing 2" : false,
  "BM Growl" : true,
  "Command" : "",
  "Description" : "Default",
  "Mouse Reporting" : true,
  "Screen" : -1,
  "Selection Color" : {
    "Red Component" : 0.40392157435417175,
    "Color Space" : "sRGB",
    "Blue Component" : 0.48627451062202454,
    "Alpha Component" : 1,
    "Green Component" : 0.45490196347236633
  },
  "Initial Use Transparency" : true,
  "Only The Default BG Color Uses Transparency" : false,
  "Columns" : 80,
  "Idle Code" : 0,
  "Ansi 13 Color" : {
    "Red Component" : 0.8485107421875,
    "Color Space" : "sRGB",
    "Blue Component" : 0.46468961238861084,
    "Alpha Component" : 1,
    "Green Component" : 0.59091269969940186
  },
  "Custom Command" : "No",
  "ASCII Anti Aliased" : true,
  "Application Keypad Allowed" : true,
  "Non Ascii Font" : "Monaco 12",
  "Vertical Spacing" : 1,
  "Left Option Key Changeable" : true,
  "Use Bold Font" : true,
  "Selected Text Color" : {
    "Red Component" : 1,
    "Color Space" : "sRGB",
    "Blue Component" : 1,
    "Alpha Component" : 1,
    "Green Component" : 1
  },
  "Option Key Sends" : 0,
  "Background Color" : {
    "Red Component" : 0.137359619140625,
    "Color Space" : "sRGB",
    "Blue Component" : 0.11778143001720309,
    "Alpha Component" : 1,
    "Green Component" : 0.12757052457891405
  },
  "Ansi 11 Color" : {
    "Red Component" : 0.792510986328125,
    "Color Space" : "sRGB",
    "Blue Component" : 0.40730828046798706,
    "Alpha Component" : 1,
    "Green Component" : 0.69432204961776733
  },
  "Character Encoding" : 4,
  "Use Italic Font" : true,
  "Unlimited Scrollback" : false,
  "Keyboard Map" : {
    "0x33-0x200000-0x0" : {
      "Text" : "3",
      "Action" : 12
    },
    "0x2f-0x200000-0x0" : {
      "Text" : "\/",
      "Action" : 12
    },
    "0x3-0x200000-0x0" : {
      "Text" : "0xd",
      "Action" : 11
    },
    "0xf712-0x40000" : {
      "Text" : "[28;5~",
      "Action" : 10
    },
    "0x38-0x200000-0x0" : {
      "Text" : "8",
      "Action" : 12
    },
    "0xf70b-0x40000" : {
      "Text" : "[19;5~",
      "Action" : 10
    },
    "0xf728-0x80000-0x0" : {
      "Text" : "d",
      "Action" : 10
    },
    "0xf70e-0x20000-0x0" : {
      "Text" : "[23;2~",
      "Action" : 10
    },
    "0xf701-0x220000-0x0" : {
      "Text" : "[1;2B",
      "Action" : 10
    },
    "0x32-0x40000-0x0" : {
      "Text" : "0x00",
      "Action" : 11
    },
    "0xf700-0x240000-0x0" : {
      "Text" : "[1;5A",
      "Action" : 10
    },
    "0xf703-0x220000-0x0" : {
      "Text" : "[1;2C",
      "Action" : 10
    },
    "0xf70b-0x20000-0x0" : {
      "Text" : "[19;2~",
      "Action" : 10
    },
    "0xf702-0x240000-0x0" : {
      "Text" : "[1;5D",
      "Action" : 10
    },
    "0xf706-0x40000" : {
      "Text" : "[1;5R",
      "Action" : 10
    },
    "0xf701-0x260000-0x0" : {
      "Text" : "[1;6B",
      "Action" : 10
    },
    "0xf72b-0x40000-0x0" : {
      "Text" : "[1;5F",
      "Action" : 10
    },
    "0xf703-0x260000-0x0" : {
      "Text" : "[1;6C",
      "Action" : 10
    },
    "0x31-0x200000-0x0" : {
      "Text" : "1",
      "Action" : 12
    },
    "0xf702-0x280000-0x0" : {
      "Text" : "b",
      "Action" : 10
    },
    "0x2d-0x200000-0x0" : {
      "Text" : "-",
      "Action" : 12
    },
    "0xf709-0x20000-0x0" : {
      "Text" : "[17;2~",
      "Action" : 10
    },
    "0xf70f-0x40000" : {
      "Text" : "[24;5~",
      "Action" : 10
    },
    "0x36-0x200000-0x0" : {
      "Text" : "6",
      "Action" : 12
    },
    "0xf706-0x20000-0x0" : {
      "Text" : "[1;2R",
      "Action" : 10
    },
    "0x36-0x40000-0x0" : {
      "Text" : "0x1e",
      "Action" : 11
    },
    "0xf711-0x40000" : {
      "Text" : "[26;5~",
      "Action" : 10
    },
    "0xf70a-0x40000" : {
      "Text" : "[18;5~",
      "Action" : 10
    },
    "0xf729-0x40000-0x0" : {
      "Text" : "[1;5H",
      "Action" : 10
    },
    "0x2d-0x40000-0x0" : {
      "Text" : "0x1f",
      "Action" : 11
    },
    "0xf702-0x300000-0x0" : {
      "Text" : "0x1",
      "Action" : 11
    },
    "0x7f-0x80000-0x0" : {
      "Text" : "0x1b 0x7f",
      "Action" : 11
    },
    "0xf705-0x40000" : {
      "Text" : "[1;5Q",
      "Action" : 10
    },
    "0x33-0x40000-0x0" : {
      "Text" : "0x1b",
      "Action" : 11
    },
    "0x2b-0x200000-0x0" : {
      "Text" : "+",
      "Action" : 12
    },
    "0xf70d-0x20000-0x0" : {
      "Text" : "[21;2~",
      "Action" : 10
    },
    "0x34-0x200000-0x0" : {
      "Text" : "4",
      "Action" : 12
    },
    "0xf70e-0x40000" : {
      "Text" : "[23;5~",
      "Action" : 10
    },
    "0xf710-0x40000" : {
      "Text" : "[25;5~",
      "Action" : 10
    },
    "0xf72b-0x20000-0x0" : {
      "Text" : "[1;2F",
      "Action" : 10
    },
    "0x39-0x200000-0x0" : {
      "Text" : "9",
      "Action" : 12
    },
    "0xf70a-0x20000-0x0" : {
      "Text" : "[18;2~",
      "Action" : 10
    },
    "0xf709-0x40000" : {
      "Text" : "[17;5~",
      "Action" : 10
    },
    "0x37-0x40000-0x0" : {
      "Text" : "0x1f",
      "Action" : 11
    },
    "0xf704-0x40000" : {
      "Text" : "[1;5P",
      "Action" : 10
    },